<?xml version="1.0" encoding="UTF-8"?>
<project version="4">
  <component name="AppInsightsSettings">
    <option name="tabSettings">
      <map>
        <entry key="Firebase Crashlytics">
          <value>
            <InsightsFilterSettings>
              <option name="connection">
                <ConnectionSetting>
                  <option name="appId" value="PLACEHOLDER" />
                  <option name="mobileSdkAppId" value="" />
                  <option name="projectId" value="" />
                  <option name="projectNumber" value="" />
                </ConnectionSetting>
              </option>
              <option name="signal" value="SIGNAL_UNSPECIFIED" />
              <option name="timeIntervalDays" value="THIRTY_DAYS" />
              <option name="visibilityType" value="ALL" />
            </InsightsFilterSettings>
          </value>
        </entry>
      </map>
    </option>
  </component>
</project>