<project version="4">
  <component name="DesignSurface">
    <option name="filePathToZoomLevelMap">
      <map>
        <entry key="..\:/Users/0578/AndroidStudioProjects/PickFresh/app/src/main/res/drawable/curve.xml" value="0.143" />
        <entry key="..\:/Users/0578/AndroidStudioProjects/PickFresh/app/src/main/res/drawable/progressdia.xml" value="0.143" />
        <entry key="..\:/Users/0578/AndroidStudioProjects/PickFresh/app/src/main/res/drawable/selected.xml" value="0.143" />
        <entry key="..\:/Users/0578/AndroidStudioProjects/PickFresh/app/src/main/res/layout/activity_add_seller.xml" value="0.22" />
        <entry key="..\:/Users/0578/AndroidStudioProjects/PickFresh/app/src/main/res/layout/activity_additems.xml" value="0.22" />
        <entry key="..\:/Users/0578/AndroidStudioProjects/PickFresh/app/src/main/res/layout/activity_admin.xml" value="0.15" />
        <entry key="..\:/Users/0578/AndroidStudioProjects/PickFresh/app/src/main/res/layout/activity_buyer_main.xml" value="0.18" />
        <entry key="..\:/Users/0578/AndroidStudioProjects/PickFresh/app/src/main/res/layout/activity_completed.xml" value="0.22" />
        <entry key="..\:/Users/0578/AndroidStudioProjects/PickFresh/app/src/main/res/layout/activity_login.xml" value="0.2" />
        <entry key="..\:/Users/0578/AndroidStudioProjects/PickFresh/app/src/main/res/layout/activity_main.xml" value="0.33" />
        <entry key="..\:/Users/0578/AndroidStudioProjects/PickFresh/app/src/main/res/layout/activity_maps.xml" value="0.17481884057971014" />
        <entry key="..\:/Users/0578/AndroidStudioProjects/PickFresh/app/src/main/res/layout/activity_orderupdate.xml" value="0.25" />
        <entry key="..\:/Users/0578/AndroidStudioProjects/PickFresh/app/src/main/res/layout/activity_prfolie.xml" value="0.25" />
        <entry key="..\:/Users/0578/AndroidStudioProjects/PickFresh/app/src/main/res/layout/activity_requests_fragement.xml" value="0.22" />
        <entry key="..\:/Users/0578/AndroidStudioProjects/PickFresh/app/src/main/res/layout/activity_seller_main.xml" value="0.25" />
        <entry key="..\:/Users/0578/AndroidStudioProjects/PickFresh/app/src/main/res/layout/activity_sellersfargment.xml" value="0.17481884057971014" />
        <entry key="..\:/Users/0578/AndroidStudioProjects/PickFresh/app/src/main/res/layout/activity_settings.xml" value="0.18" />
        <entry key="..\:/Users/0578/AndroidStudioProjects/PickFresh/app/src/main/res/layout/activity_settings_for_user.xml" value="0.33" />
        <entry key="..\:/Users/0578/AndroidStudioProjects/PickFresh/app/src/main/res/layout/activity_signup.xml" value="0.25" />
        <entry key="..\:/Users/0578/AndroidStudioProjects/PickFresh/app/src/main/res/layout/activity_userdeatils.xml" value="0.33" />
        <entry key="..\:/Users/0578/AndroidStudioProjects/PickFresh/app/src/main/res/layout/activity_view_accepted.xml" value="0.2" />
        <entry key="..\:/Users/0578/AndroidStudioProjects/PickFresh/app/src/main/res/layout/activity_view_buyer_items.xml" value="0.18" />
        <entry key="..\:/Users/0578/AndroidStudioProjects/PickFresh/app/src/main/res/layout/activity_view_orderitems.xml" value="0.14" />
        <entry key="..\:/Users/0578/AndroidStudioProjects/PickFresh/app/src/main/res/layout/activity_view_pendings.xml" value="0.17481884057971014" />
        <entry key="..\:/Users/0578/AndroidStudioProjects/PickFresh/app/src/main/res/layout/activity_view_requests.xml" value="0.25" />
        <entry key="..\:/Users/0578/AndroidStudioProjects/PickFresh/app/src/main/res/layout/activity_viewitems.xml" value="0.17481884057971014" />
        <entry key="..\:/Users/0578/AndroidStudioProjects/PickFresh/app/src/main/res/layout/downview.xml" value="0.17481884057971014" />
        <entry key="..\:/Users/0578/AndroidStudioProjects/PickFresh/app/src/main/res/layout/idview.xml" value="0.33" />
        <entry key="..\:/Users/0578/AndroidStudioProjects/PickFresh/app/src/main/res/layout/items.xml" value="0.33" />
        <entry key="..\:/Users/0578/AndroidStudioProjects/PickFresh/app/src/main/res/layout/language.xml" value="0.5" />
        <entry key="..\:/Users/0578/AndroidStudioProjects/PickFresh/app/src/main/res/layout/nouser.xml" value="0.17481884057971014" />
        <entry key="..\:/Users/0578/AndroidStudioProjects/PickFresh/app/src/main/res/layout/progressdi.xml" value="0.20416666666666666" />
        <entry key="..\:/Users/0578/AndroidStudioProjects/PickFresh/app/src/main/res/layout/seller.xml" value="0.25" />
        <entry key="..\:/Users/0578/AndroidStudioProjects/PickFresh/app/src/main/res/layout/sellet.xml" value="0.13183060109289618" />
        <entry key="..\:/Users/0578/AndroidStudioProjects/PickFresh/app/src/main/res/layout/viewitems.xml" value="0.33" />
        <entry key="..\:/Users/0578/AndroidStudioProjects/PickFresh/app/src/main/res/menu/bottomview.xml" value="0.33" />
        <entry key="..\:/Users/0578/AndroidStudioProjects/PickFresh/app/src/main/res/menu/buyeritems.xml" value="0.20416666666666666" />
        <entry key="..\:/Users/0578/AppData/Local/Android/Sdk/platforms/android-32/data/res/layout/simple_dropdown_item_1line.xml" value="0.20416666666666666" />
      </map>
    </option>
  </component>
  <component name="ProjectRootManager" version="2" languageLevel="JDK_17" default="true" project-jdk-name="jbr-17" project-jdk-type="JavaSDK">
    <output url="file://$PROJECT_DIR$/build/classes" />
  </component>
  <component name="ProjectType">
    <option name="id" value="Android" />
  </component>
  <component name="VisualizationToolProject">
    <option name="state">
      <ProjectState>
        <option name="scale" value="0.67" />
      </ProjectState>
    </option>
  </component>
</project>