<?xml version="1.0" encoding="UTF-8"?>
<project version="4">
  <component name="ProjectModuleManager">
    <modules>
      <module fileurl="file://$PROJECT_DIR$/.idea/modules/PickFresh.iml" filepath="$PROJECT_DIR$/.idea/modules/PickFresh.iml" />
      <module fileurl="file://$PROJECT_DIR$/.idea/modules/app/PickFresh.app.iml" filepath="$PROJECT_DIR$/.idea/modules/app/PickFresh.app.iml" />
      <module fileurl="file://$PROJECT_DIR$/.idea/modules/app/PickFresh.app.androidTest.iml" filepath="$PROJECT_DIR$/.idea/modules/app/PickFresh.app.androidTest.iml" />
      <module fileurl="file://$PROJECT_DIR$/.idea/modules/app/PickFresh.app.main.iml" filepath="$PROJECT_DIR$/.idea/modules/app/PickFresh.app.main.iml" />
      <module fileurl="file://$PROJECT_DIR$/.idea/modules/app/PickFresh.app.unitTest.iml" filepath="$PROJECT_DIR$/.idea/modules/app/PickFresh.app.unitTest.iml" />
    </modules>
  </component>
</project>