<?xml version="1.0" encoding="UTF-8"?>
<project version="4">
  <component name="AndroidLayouts">
    <shared>
      <config />
    </shared>
    <layouts>
      <layout url="file://$PROJECT_DIR$/app/src/main/res/layout/activity_add_seller.xml">
        <config>
          <theme>@style/Theme.PickFresh</theme>
        </config>
      </layout>
      <layout url="file://$PROJECT_DIR$/app/src/main/res/layout/activity_additems.xml">
        <config>
          <theme>@style/Theme.PickFresh</theme>
        </config>
      </layout>
      <layout url="file://$PROJECT_DIR$/app/src/main/res/layout/activity_buyer_main.xml">
        <config>
          <theme>@style/Theme.PickFresh</theme>
        </config>
      </layout>
      <layout url="file://$PROJECT_DIR$/app/src/main/res/layout/activity_completed.xml">
        <config>
          <theme>@style/Theme.PickFresh</theme>
        </config>
      </layout>
      <layout url="file://$PROJECT_DIR$/app/src/main/res/layout/activity_login.xml">
        <config>
          <theme>@style/Theme.PickFresh</theme>
        </config>
      </layout>
      <layout url="file://$PROJECT_DIR$/app/src/main/res/layout/activity_maps.xml">
        <config>
          <theme>@style/Theme.PickFresh</theme>
        </config>
      </layout>
      <layout url="file://$PROJECT_DIR$/app/src/main/res/layout/activity_orderupdate.xml">
        <config>
          <theme>@style/Theme.PickFresh</theme>
        </config>
      </layout>
      <layout url="file://$PROJECT_DIR$/app/src/main/res/layout/activity_schemes.xml">
        <config>
          <theme>@style/Theme.PickFresh</theme>
        </config>
      </layout>
      <layout url="file://$PROJECT_DIR$/app/src/main/res/layout/activity_sellersfargment.xml">
        <config>
          <theme>@style/Theme.PickFresh</theme>
        </config>
      </layout>
      <layout url="file://$PROJECT_DIR$/app/src/main/res/layout/activity_view_requests.xml">
        <config>
          <theme>@style/Theme.PickFresh</theme>
        </config>
      </layout>
      <layout url="file://$PROJECT_DIR$/app/src/main/res/layout/activity_web.xml">
        <config>
          <theme>@style/Theme.PickFresh</theme>
        </config>
      </layout>
      <layout url="file://$PROJECT_DIR$/app/src/main/res/layout/schemes_view.xml">
        <config>
          <theme>@style/Theme.PickFresh</theme>
        </config>
      </layout>
      <layout url="file://$PROJECT_DIR$/app/src/main/res/layout/seller.xml">
        <config>
          <theme>@style/Theme.PickFresh</theme>
        </config>
      </layout>
    </layouts>
  </component>
  <component name="AndroidLogFilters">
    <option name="TOOL_WINDOW_LOG_LEVEL" value="error" />
    <option name="TOOL_WINDOW_CONFIGURED_FILTER" value="No Filters" />
    <option name="TOOL_WINDOW_REGEXP_FILTER" value="false" />
  </component>
  <component name="AutoImportSettings">
    <option name="autoReloadType" value="NONE" />
  </component>
  <component name="ChangeListManager">
    <list default="true" id="6874c79b-0f8b-4037-8bd5-cebce3940691" name="Changes" comment="" />
    <option name="SHOW_DIALOG" value="false" />
    <option name="HIGHLIGHT_CONFLICTS" value="true" />
    <option name="HIGHLIGHT_NON_ACTIVE_CHANGELIST" value="false" />
    <option name="LAST_RESOLUTION" value="IGNORE" />
  </component>
  <component name="ClangdSettings">
    <option name="formatViaClangd" value="false" />
  </component>
  <component name="ExecutionTargetManager" SELECTED_TARGET="device_and_snapshot_combo_box_target[DeviceId(pluginId=LocalEmulator, isTemplate=false, identifier=path=C:\Users\0927\.android\avd\Pixel_7_Pro.avd)]" />
  <component name="ExternalProjectsData">
    <projectState path="$PROJECT_DIR$">
      <ProjectState />
    </projectState>
  </component>
  <component name="FileTemplateManagerImpl">
    <option name="RECENT_TEMPLATES">
      <list>
        <option value="valueResourceFile" />
        <option value="resourceFile" />
        <option value="Kotlin Interface" />
        <option value="Kotlin Class" />
        <option value="Kotlin Data Class" />
        <option value="layoutResourceFile" />
      </list>
    </option>
  </component>
  <component name="GitSEFilterConfiguration">
    <file-type-list>
      <filtered-out-file-type name="LOCAL_BRANCH" />
      <filtered-out-file-type name="REMOTE_BRANCH" />
      <filtered-out-file-type name="TAG" />
      <filtered-out-file-type name="COMMIT_BY_MESSAGE" />
    </file-type-list>
  </component>
  <component name="MarkdownSettingsMigration">
    <option name="stateVersion" value="1" />
  </component>
  <component name="ProblemsViewState">
    <option name="selectedTabId" value="CurrentFile" />
  </component>
  <component name="ProjectColorInfo">{
  &quot;associatedIndex&quot;: 2
}</component>
  <component name="ProjectId" id="2UeAtCflkETR0GKNOGcBg4w6yoB" />
  <component name="ProjectViewState">
    <option name="hideEmptyMiddlePackages" value="true" />
    <option name="showLibraryContents" value="true" />
  </component>
  <component name="PropertiesComponent"><![CDATA[{
  "keyToString": {
    "Android App.app.executor": "Run",
    "Gradle.Upgrade Gradle wrapper.executor": "Run",
    "RunOnceActivity.cidr.known.project.marker": "true",
    "RunOnceActivity.readMode.enableVisualFormatting": "true",
    "cf.first.check.clang-format": "false",
    "cidr.known.project.marker": "true",
    "kotlin-language-version-configured": "true",
    "last_directory_selection": "C:/Users/0927/AndroidStudioProjects/PickFresh/app/src/main/res/drawable",
    "last_opened_file_path": "C:/Users/0927/AndroidStudioProjects/PickFresh/app/src/main/res/drawable",
    "settings.editor.selected.configurable": "reference.settingsdialog.project.gradle"
  }
}]]></component>
  <component name="RecentsManager">
    <key name="android.template.1919395439">
      <recent name="com.example.pickfresh.Seller" />
      <recent name="com.example.pickfresh.Buyer" />
    </key>
    <key name="android.template.715109806">
      <recent name="com.example.pickfresh.Buyer" />
      <recent name="com.example.pickfresh.Seller" />
    </key>
    <key name="android.template.-1822573728">
      <recent name="com.example.pickfresh.Admin" />
      <recent name="com.example.pickfresh.Buyer" />
      <recent name="com.example.pickfresh.Seller" />
    </key>
    <key name="android.template.1247179914">
      <recent name="com.example.pickfresh.Buyer" />
    </key>
    <key name="android.template.252747529">
      <recent name="com.example.pickfresh.Seller" />
    </key>
    <key name="android.template.2100743373">
      <recent name="com.example.pickfresh.Seller" />
    </key>
    <key name="android.template.-934320749">
      <recent name="com.example.pickfresh.Buyer" />
    </key>
    <key name="android.template.1166478698">
      <recent name="com.example.pickfresh.Seller" />
    </key>
    <key name="android.template.-804543502">
      <recent name="com.example.pickfresh" />
    </key>
    <key name="android.template.-445925004">
      <recent name="com.example.pickfresh.Seller" />
      <recent name="com.example.pickfresh.Buyer" />
    </key>
    <key name="CopyFile.RECENT_KEYS">
      <recent name="C:\Users\0927\AndroidStudioProjects\PickFresh\app\src\main\res\drawable" />
      <recent name="C:\Users\0578\AndroidStudioProjects\PickFresh\app\src\main\res\drawable" />
      <recent name="C:\Users\0578\AndroidStudioProjects\PickFresh\app\src\main\res\layout" />
      <recent name="C:\Users\0578\AndroidStudioProjects\PickFresh\app\src\main\res\raw" />
      <recent name="C:\Users\0578\AndroidStudioProjects\PickFresh\app\src\main\res\font" />
    </key>
    <key name="android.template.207804655">
      <recent name="com.example.pickfresh" />
    </key>
    <key name="android.template.-1794804497">
      <recent name="com.example.pickfresh.Seller" />
      <recent name="com.example.pickfresh.Responses" />
    </key>
    <key name="CreateKotlinClassDialog.RecentsKey">
      <recent name="com.example.pickfresh.Buyer" />
      <recent name="com.example.pickfresh.Seller" />
      <recent name="com.example.pickfresh.Admin" />
    </key>
    <key name="MoveKotlinTopLevelDeclarationsDialog.RECENTS_KEY">
      <recent name="com.example.pickfresh.Seller" />
      <recent name="com.example.pickfresh.Buyer" />
    </key>
    <key name="android.template.-494174705">
      <recent name="com.example.pickfresh.Buyer" />
    </key>
  </component>
  <component name="RunManager">
    <configuration name="app" type="AndroidRunConfigurationType" factoryName="Android App" activateToolWindowBeforeRun="false">
      <module name="PickFresh.app" />
      <option name="ANDROID_RUN_CONFIGURATION_SCHEMA_VERSION" value="1" />
      <option name="DEPLOY" value="true" />
      <option name="DEPLOY_APK_FROM_BUNDLE" value="false" />
      <option name="DEPLOY_AS_INSTANT" value="false" />
      <option name="ARTIFACT_NAME" value="" />
      <option name="PM_INSTALL_OPTIONS" value="" />
      <option name="ALL_USERS" value="false" />
      <option name="ALWAYS_INSTALL_WITH_PM" value="false" />
      <option name="ALLOW_ASSUME_VERIFIED" value="false" />
      <option name="CLEAR_APP_STORAGE" value="false" />
      <option name="DYNAMIC_FEATURES_DISABLED_LIST" value="" />
      <option name="ACTIVITY_EXTRA_FLAGS" value="" />
      <option name="MODE" value="default_activity" />
      <option name="RESTORE_ENABLED" value="false" />
      <option name="RESTORE_FILE" value="" />
      <option name="RESTORE_FRESH_INSTALL_ONLY" value="false" />
      <option name="CLEAR_LOGCAT" value="false" />
      <option name="SHOW_LOGCAT_AUTOMATICALLY" value="false" />
      <option name="TARGET_SELECTION_MODE" value="DEVICE_AND_SNAPSHOT_COMBO_BOX" />
      <option name="SELECTED_CLOUD_MATRIX_CONFIGURATION_ID" value="-1" />
      <option name="SELECTED_CLOUD_MATRIX_PROJECT_ID" value="" />
      <option name="DEBUGGER_TYPE" value="Java" />
      <Auto>
        <option name="USE_JAVA_AWARE_DEBUGGER" value="false" />
        <option name="SHOW_STATIC_VARS" value="true" />
        <option name="WORKING_DIR" value="" />
        <option name="TARGET_LOGGING_CHANNELS" value="lldb process:gdb-remote packets" />
        <option name="SHOW_OPTIMIZED_WARNING" value="true" />
        <option name="ATTACH_ON_WAIT_FOR_DEBUGGER" value="false" />
        <option name="DEBUG_SANDBOX_SDK" value="false" />
      </Auto>
      <Hybrid>
        <option name="USE_JAVA_AWARE_DEBUGGER" value="false" />
        <option name="SHOW_STATIC_VARS" value="true" />
        <option name="WORKING_DIR" value="" />
        <option name="TARGET_LOGGING_CHANNELS" value="lldb process:gdb-remote packets" />
        <option name="SHOW_OPTIMIZED_WARNING" value="true" />
        <option name="ATTACH_ON_WAIT_FOR_DEBUGGER" value="false" />
        <option name="DEBUG_SANDBOX_SDK" value="false" />
      </Hybrid>
      <Java>
        <option name="ATTACH_ON_WAIT_FOR_DEBUGGER" value="false" />
        <option name="DEBUG_SANDBOX_SDK" value="false" />
      </Java>
      <Native>
        <option name="USE_JAVA_AWARE_DEBUGGER" value="false" />
        <option name="SHOW_STATIC_VARS" value="true" />
        <option name="WORKING_DIR" value="" />
        <option name="TARGET_LOGGING_CHANNELS" value="lldb process:gdb-remote packets" />
        <option name="SHOW_OPTIMIZED_WARNING" value="true" />
        <option name="ATTACH_ON_WAIT_FOR_DEBUGGER" value="false" />
        <option name="DEBUG_SANDBOX_SDK" value="false" />
      </Native>
      <Profilers>
        <option name="ADVANCED_PROFILING_ENABLED" value="false" />
        <option name="STARTUP_PROFILING_ENABLED" value="false" />
        <option name="STARTUP_CPU_PROFILING_ENABLED" value="false" />
        <option name="STARTUP_CPU_PROFILING_CONFIGURATION_NAME" value="Java/Kotlin Method Sample (legacy)" />
        <option name="STARTUP_NATIVE_MEMORY_PROFILING_ENABLED" value="false" />
        <option name="NATIVE_MEMORY_SAMPLE_RATE_BYTES" value="2048" />
      </Profilers>
      <option name="DEEP_LINK" value="" />
      <option name="ACTIVITY" value="" />
      <option name="ACTIVITY_CLASS" value="" />
      <option name="SEARCH_ACTIVITY_IN_GLOBAL_SCOPE" value="false" />
      <option name="SKIP_ACTIVITY_VALIDATION" value="false" />
      <method v="2">
        <option name="Android.Gradle.BeforeRunTask" enabled="true" />
      </method>
    </configuration>
  </component>
  <component name="SpellCheckerSettings" RuntimeDictionaries="0" Folders="0" CustomDictionaries="0" DefaultDictionary="application-level" UseSingleDictionary="true" transferred="true" />
  <component name="TaskManager">
    <task active="true" id="Default" summary="Default task">
      <changelist id="6874c79b-0f8b-4037-8bd5-cebce3940691" name="Changes" comment="" />
      <created>1693289884476</created>
      <option name="number" value="Default" />
      <option name="presentableId" value="Default" />
      <updated>1693289884476</updated>
    </task>
    <servers />
  </component>
  <component name="play_dynamic_filters_status">
    <option name="appIdToCheckInfo">
      <map>
        <entry key="com.example.pickfresh">
          <value>
            <CheckInfo lastCheckTimestamp="1744720093068" />
          </value>
        </entry>
        <entry key="com.example.pickfresh.test">
          <value>
            <CheckInfo lastCheckTimestamp="1744720093070" />
          </value>
        </entry>
      </map>
    </option>
  </component>
</project>